email_username,avatar_filename
lukas.mueller,lukas.mueller.jpeg
emma.schmidt,emma.schmidt.jpeg
leon.schneider,leon.schneider.jpeg
mia.fischer,mia.fischer.jpeg
felix.weber,felix.weber.jpeg
hannah.meyer,hannah.meyer.jpeg
jonas.wagner,jonas.wagner.jpeg
lena.becker,lena.becker.jpeg
paul.schulz,paul.schulz.jpeg
laura.hoffmann,laura.hoffmann.jpeg
maximilian.koch,maximilian.koch.jpeg
sophia.bauer,sophia.bauer.jpeg
noah.richter,noah.richter.jpeg
marie.klein,marie.klein.jpeg
benjamin.wolf,benjamin.wolf.jpeg
